/*
Navicat MySQL Data Transfer

Source Server         : con1
Source Server Version : 50718
Source Host           : localhost:3306
Source Database       : movietime

Target Server Type    : MYSQL
Target Server Version : 50718
File Encoding         : 65001

Date: 2017-06-08 00:24:47
*/

SET FOREIGN_KEY_CHECKS=0;

-- ----------------------------
-- Table structure for movie
-- ----------------------------
DROP TABLE IF EXISTS `movie`;
CREATE TABLE `movie` (
  `id` int(11) NOT NULL,
  `name` varchar(255) DEFAULT NULL,
  `poster_path` varchar(255) DEFAULT NULL,
  `banner_path` varchar(255) DEFAULT NULL,
  `release_date` varchar(255) DEFAULT NULL,
  `duration` varchar(255) DEFAULT NULL,
  `director` varchar(255) DEFAULT NULL,
  `language` varchar(255) DEFAULT NULL,
  `genre` varchar(255) DEFAULT NULL,
  `cast_and_crew` varchar(255) DEFAULT NULL,
  PRIMARY KEY (`id`)
) ENGINE=InnoDB DEFAULT CHARSET=latin1;

-- ----------------------------
-- Records of movie
-- ----------------------------
INSERT INTO `movie` VALUES ('1', 'The Matrix', '/images/The Matrix', '/images/The MatrixB', '1995-01-01', '3 hour', 'Apple', 'English', 'SciFic', 'StarA');
INSERT INTO `movie` VALUES ('2', '\r\n\r\nThe Hobbit', '/images/The Hobbit', '/images/The HobbitB', '2006-05-01', '4 hour', 'SonPie', 'English', 'Fantasy', 'StarHB');
INSERT INTO `movie` VALUES ('3', '\r\n\r\nLord of the rings', '/images/Lord of the rings', '/images/Lord of the ringsB', '2001-01-17', '4 hour', 'Pie', 'English', 'Fantasy', 'StarH');
INSERT INTO `movie` VALUES ('4', 'Pirates of the Caribbean', '/images/Pirates of the Caribbean', null, '1996-01-01', '3 hour', 'Banana', 'English', 'Fantasy', 'StarS');
INSERT INTO `movie` VALUES ('5', 'Doraemon', '/images/Doraemon', null, '2013-06-12', '2 hour', 'Oda', 'Japanese', 'Comic', 'StarJP');
INSERT INTO `movie` VALUES ('6', 'Chibi', '/images/Chibi', null, '2008-08-08', '2 hour', 'Chi', 'Chinese', 'History', 'StarCH');
INSERT INTO `movie` VALUES ('7', 'Kingsman', '/images/Kingsman', null, '2009-09-03', '3 hour', 'Eg', 'English', 'Action', 'StarEg');
INSERT INTO `movie` VALUES ('8', 'High School Musical', '/images/High School Musical', null, '2010-05-02', '3 hour', 'Am', 'English', 'Music', 'StarStu');
INSERT INTO `movie` VALUES ('9', 'Conan', '/images/Conan', null, '2017-07-07', '2 hour', 'AoYama', 'Japanese', 'Comic', 'Conan');
INSERT INTO `movie` VALUES ('10', 'Dead Game', '/images/Dead Game', null, '1977-07-05', '2 hour', 'Buruse Li', 'English', 'Action', 'Buruse Li');

-- ----------------------------
-- Table structure for seat
-- ----------------------------
DROP TABLE IF EXISTS `seat`;
CREATE TABLE `seat` (
  `id` int(11) NOT NULL,
  `show_id` int(11) DEFAULT NULL,
  `row` int(11) DEFAULT NULL,
  `col` int(11) DEFAULT NULL,
  `is_booked` int(11) DEFAULT NULL,
  PRIMARY KEY (`id`)
) ENGINE=InnoDB DEFAULT CHARSET=latin1 ROW_FORMAT=DYNAMIC;

-- ----------------------------
-- Records of seat
-- ----------------------------
INSERT INTO `seat` VALUES ('1', '1', '1', '1', '0');
INSERT INTO `seat` VALUES ('2', '1', '1', '2', '0');
INSERT INTO `seat` VALUES ('3', '1', '1', '3', '0');
INSERT INTO `seat` VALUES ('4', '1', '1', '4', '0');
INSERT INTO `seat` VALUES ('5', '1', '1', '5', '0');
INSERT INTO `seat` VALUES ('6', '1', '1', '6', '0');
INSERT INTO `seat` VALUES ('7', '1', '1', '7', '0');
INSERT INTO `seat` VALUES ('8', '1', '1', '8', '0');
INSERT INTO `seat` VALUES ('9', '1', '2', '1', '0');
INSERT INTO `seat` VALUES ('10', '1', '2', '2', '0');
INSERT INTO `seat` VALUES ('11', '1', '2', '3', '0');
INSERT INTO `seat` VALUES ('12', '1', '2', '4', '0');
INSERT INTO `seat` VALUES ('13', '1', '2', '5', '0');
INSERT INTO `seat` VALUES ('14', '1', '2', '6', '0');
INSERT INTO `seat` VALUES ('15', '1', '2', '7', '0');
INSERT INTO `seat` VALUES ('16', '1', '2', '8', '0');
INSERT INTO `seat` VALUES ('17', '1', '3', '1', '0');
INSERT INTO `seat` VALUES ('18', '1', '3', '2', '0');
INSERT INTO `seat` VALUES ('19', '1', '3', '3', '0');
INSERT INTO `seat` VALUES ('20', '1', '3', '4', '0');
INSERT INTO `seat` VALUES ('21', '1', '3', '5', '0');
INSERT INTO `seat` VALUES ('22', '1', '3', '6', '0');
INSERT INTO `seat` VALUES ('23', '1', '3', '7', '0');
INSERT INTO `seat` VALUES ('24', '1', '3', '8', '0');
INSERT INTO `seat` VALUES ('25', '1', '4', '1', '0');
INSERT INTO `seat` VALUES ('26', '1', '4', '2', '0');
INSERT INTO `seat` VALUES ('27', '1', '4', '3', '0');
INSERT INTO `seat` VALUES ('28', '1', '4', '4', '0');
INSERT INTO `seat` VALUES ('29', '1', '4', '5', '0');
INSERT INTO `seat` VALUES ('30', '1', '4', '6', '0');
INSERT INTO `seat` VALUES ('31', '1', '4', '7', '0');
INSERT INTO `seat` VALUES ('32', '1', '4', '8', '0');
INSERT INTO `seat` VALUES ('33', '1', '5', '1', '0');
INSERT INTO `seat` VALUES ('34', '1', '5', '2', '0');
INSERT INTO `seat` VALUES ('35', '1', '5', '3', '0');
INSERT INTO `seat` VALUES ('36', '1', '5', '4', '0');
INSERT INTO `seat` VALUES ('37', '1', '5', '5', '0');
INSERT INTO `seat` VALUES ('38', '1', '5', '6', '0');
INSERT INTO `seat` VALUES ('39', '1', '5', '7', '0');
INSERT INTO `seat` VALUES ('40', '1', '5', '8', '0');
INSERT INTO `seat` VALUES ('41', '1', '6', '1', '0');
INSERT INTO `seat` VALUES ('42', '1', '6', '2', '0');
INSERT INTO `seat` VALUES ('43', '1', '6', '3', '0');
INSERT INTO `seat` VALUES ('44', '1', '6', '4', '0');
INSERT INTO `seat` VALUES ('45', '1', '6', '5', '0');
INSERT INTO `seat` VALUES ('46', '1', '6', '6', '0');
INSERT INTO `seat` VALUES ('47', '1', '6', '7', '0');
INSERT INTO `seat` VALUES ('48', '1', '6', '8', '0');
INSERT INTO `seat` VALUES ('49', '1', '7', '1', '0');
INSERT INTO `seat` VALUES ('50', '1', '7', '2', '0');
INSERT INTO `seat` VALUES ('51', '1', '7', '3', '0');
INSERT INTO `seat` VALUES ('52', '1', '7', '4', '0');
INSERT INTO `seat` VALUES ('53', '1', '7', '5', '0');
INSERT INTO `seat` VALUES ('54', '1', '7', '6', '0');
INSERT INTO `seat` VALUES ('55', '1', '7', '7', '0');
INSERT INTO `seat` VALUES ('56', '1', '7', '8', '0');
INSERT INTO `seat` VALUES ('57', '1', '8', '1', '0');
INSERT INTO `seat` VALUES ('58', '1', '8', '2', '0');
INSERT INTO `seat` VALUES ('59', '1', '8', '3', '0');
INSERT INTO `seat` VALUES ('60', '1', '8', '4', '0');
INSERT INTO `seat` VALUES ('61', '1', '8', '5', '0');
INSERT INTO `seat` VALUES ('62', '1', '8', '6', '0');
INSERT INTO `seat` VALUES ('63', '1', '8', '7', '0');
INSERT INTO `seat` VALUES ('64', '1', '8', '8', '0');
INSERT INTO `seat` VALUES ('65', '2', '1', '1', '0');
INSERT INTO `seat` VALUES ('66', '2', '1', '2', '0');
INSERT INTO `seat` VALUES ('67', '2', '1', '3', '0');
INSERT INTO `seat` VALUES ('68', '2', '1', '4', '0');
INSERT INTO `seat` VALUES ('69', '2', '1', '5', '0');
INSERT INTO `seat` VALUES ('70', '2', '1', '6', '0');
INSERT INTO `seat` VALUES ('71', '2', '1', '7', '0');
INSERT INTO `seat` VALUES ('72', '2', '1', '8', '0');
INSERT INTO `seat` VALUES ('73', '2', '2', '1', '0');
INSERT INTO `seat` VALUES ('74', '2', '2', '2', '0');
INSERT INTO `seat` VALUES ('75', '2', '2', '3', '0');
INSERT INTO `seat` VALUES ('76', '2', '2', '4', '0');
INSERT INTO `seat` VALUES ('77', '2', '2', '5', '0');
INSERT INTO `seat` VALUES ('78', '2', '2', '6', '0');
INSERT INTO `seat` VALUES ('79', '2', '2', '7', '0');
INSERT INTO `seat` VALUES ('80', '2', '2', '8', '0');
INSERT INTO `seat` VALUES ('81', '2', '3', '1', '0');
INSERT INTO `seat` VALUES ('82', '2', '3', '2', '0');
INSERT INTO `seat` VALUES ('83', '2', '3', '3', '0');
INSERT INTO `seat` VALUES ('84', '2', '3', '4', '0');
INSERT INTO `seat` VALUES ('85', '2', '3', '5', '0');
INSERT INTO `seat` VALUES ('86', '2', '3', '6', '0');
INSERT INTO `seat` VALUES ('87', '2', '3', '7', '0');
INSERT INTO `seat` VALUES ('88', '2', '3', '8', '0');
INSERT INTO `seat` VALUES ('89', '2', '4', '1', '0');
INSERT INTO `seat` VALUES ('90', '2', '4', '2', '0');
INSERT INTO `seat` VALUES ('91', '2', '4', '3', '0');
INSERT INTO `seat` VALUES ('92', '2', '4', '4', '0');
INSERT INTO `seat` VALUES ('93', '2', '4', '5', '0');
INSERT INTO `seat` VALUES ('94', '2', '4', '6', '0');
INSERT INTO `seat` VALUES ('95', '2', '4', '7', '0');
INSERT INTO `seat` VALUES ('96', '2', '4', '8', '0');
INSERT INTO `seat` VALUES ('97', '2', '5', '1', '0');
INSERT INTO `seat` VALUES ('98', '2', '5', '2', '0');
INSERT INTO `seat` VALUES ('99', '2', '5', '3', '0');
INSERT INTO `seat` VALUES ('100', '2', '5', '4', '0');
INSERT INTO `seat` VALUES ('101', '2', '5', '5', '0');
INSERT INTO `seat` VALUES ('102', '2', '5', '6', '0');
INSERT INTO `seat` VALUES ('103', '2', '5', '7', '0');
INSERT INTO `seat` VALUES ('104', '2', '5', '8', '0');
INSERT INTO `seat` VALUES ('105', '2', '6', '1', '0');
INSERT INTO `seat` VALUES ('106', '2', '6', '2', '0');
INSERT INTO `seat` VALUES ('107', '2', '6', '3', '0');
INSERT INTO `seat` VALUES ('108', '2', '6', '4', '0');
INSERT INTO `seat` VALUES ('109', '2', '6', '5', '0');
INSERT INTO `seat` VALUES ('110', '2', '6', '6', '0');
INSERT INTO `seat` VALUES ('111', '2', '6', '7', '0');
INSERT INTO `seat` VALUES ('112', '2', '6', '8', '0');
INSERT INTO `seat` VALUES ('113', '2', '7', '1', '0');
INSERT INTO `seat` VALUES ('114', '2', '7', '2', '0');
INSERT INTO `seat` VALUES ('115', '2', '7', '3', '0');
INSERT INTO `seat` VALUES ('116', '2', '7', '4', '0');
INSERT INTO `seat` VALUES ('117', '2', '7', '5', '0');
INSERT INTO `seat` VALUES ('118', '2', '7', '6', '0');
INSERT INTO `seat` VALUES ('119', '2', '7', '7', '0');
INSERT INTO `seat` VALUES ('120', '2', '7', '8', '0');
INSERT INTO `seat` VALUES ('121', '2', '8', '1', '0');
INSERT INTO `seat` VALUES ('122', '2', '8', '2', '0');
INSERT INTO `seat` VALUES ('123', '2', '8', '3', '0');
INSERT INTO `seat` VALUES ('124', '2', '8', '4', '0');
INSERT INTO `seat` VALUES ('125', '2', '8', '5', '0');
INSERT INTO `seat` VALUES ('126', '2', '8', '6', '0');
INSERT INTO `seat` VALUES ('127', '2', '8', '7', '0');
INSERT INTO `seat` VALUES ('128', '2', '8', '8', '0');
INSERT INTO `seat` VALUES ('129', '3', '1', '1', '0');
INSERT INTO `seat` VALUES ('130', '3', '1', '2', '0');
INSERT INTO `seat` VALUES ('131', '3', '1', '3', '0');
INSERT INTO `seat` VALUES ('132', '3', '1', '4', '0');
INSERT INTO `seat` VALUES ('133', '3', '1', '5', '0');
INSERT INTO `seat` VALUES ('134', '3', '1', '6', '0');
INSERT INTO `seat` VALUES ('135', '3', '1', '7', '0');
INSERT INTO `seat` VALUES ('136', '3', '1', '8', '0');
INSERT INTO `seat` VALUES ('137', '3', '2', '1', '0');
INSERT INTO `seat` VALUES ('138', '3', '2', '2', '0');
INSERT INTO `seat` VALUES ('139', '3', '2', '3', '0');
INSERT INTO `seat` VALUES ('140', '3', '2', '4', '0');
INSERT INTO `seat` VALUES ('141', '3', '2', '5', '0');
INSERT INTO `seat` VALUES ('142', '3', '2', '6', '0');
INSERT INTO `seat` VALUES ('143', '3', '2', '7', '0');
INSERT INTO `seat` VALUES ('144', '3', '2', '8', '0');
INSERT INTO `seat` VALUES ('145', '3', '3', '1', '0');
INSERT INTO `seat` VALUES ('146', '3', '3', '2', '0');
INSERT INTO `seat` VALUES ('147', '3', '3', '3', '0');
INSERT INTO `seat` VALUES ('148', '3', '3', '4', '0');
INSERT INTO `seat` VALUES ('149', '3', '3', '5', '0');
INSERT INTO `seat` VALUES ('150', '3', '3', '6', '0');
INSERT INTO `seat` VALUES ('151', '3', '3', '7', '0');
INSERT INTO `seat` VALUES ('152', '3', '3', '8', '0');
INSERT INTO `seat` VALUES ('153', '3', '4', '1', '0');
INSERT INTO `seat` VALUES ('154', '3', '4', '2', '0');
INSERT INTO `seat` VALUES ('155', '3', '4', '3', '0');
INSERT INTO `seat` VALUES ('156', '3', '4', '4', '0');
INSERT INTO `seat` VALUES ('157', '3', '4', '5', '0');
INSERT INTO `seat` VALUES ('158', '3', '4', '6', '0');
INSERT INTO `seat` VALUES ('159', '3', '4', '7', '0');
INSERT INTO `seat` VALUES ('160', '3', '4', '8', '0');
INSERT INTO `seat` VALUES ('161', '3', '5', '1', '0');
INSERT INTO `seat` VALUES ('162', '3', '5', '2', '0');
INSERT INTO `seat` VALUES ('163', '3', '5', '3', '0');
INSERT INTO `seat` VALUES ('164', '3', '5', '4', '0');
INSERT INTO `seat` VALUES ('165', '3', '5', '5', '0');
INSERT INTO `seat` VALUES ('166', '3', '5', '6', '0');
INSERT INTO `seat` VALUES ('167', '3', '5', '7', '0');
INSERT INTO `seat` VALUES ('168', '3', '5', '8', '0');
INSERT INTO `seat` VALUES ('169', '3', '6', '1', '0');
INSERT INTO `seat` VALUES ('170', '3', '6', '2', '0');
INSERT INTO `seat` VALUES ('171', '3', '6', '3', '0');
INSERT INTO `seat` VALUES ('172', '3', '6', '4', '0');
INSERT INTO `seat` VALUES ('173', '3', '6', '5', '0');
INSERT INTO `seat` VALUES ('174', '3', '6', '6', '0');
INSERT INTO `seat` VALUES ('175', '3', '6', '7', '0');
INSERT INTO `seat` VALUES ('176', '3', '6', '8', '0');
INSERT INTO `seat` VALUES ('177', '3', '7', '1', '0');
INSERT INTO `seat` VALUES ('178', '3', '7', '2', '0');
INSERT INTO `seat` VALUES ('179', '3', '7', '3', '0');
INSERT INTO `seat` VALUES ('180', '3', '7', '4', '0');
INSERT INTO `seat` VALUES ('181', '3', '7', '5', '0');
INSERT INTO `seat` VALUES ('182', '3', '7', '6', '0');
INSERT INTO `seat` VALUES ('183', '3', '7', '7', '0');
INSERT INTO `seat` VALUES ('184', '3', '7', '8', '0');
INSERT INTO `seat` VALUES ('185', '3', '8', '1', '0');
INSERT INTO `seat` VALUES ('186', '3', '8', '2', '0');
INSERT INTO `seat` VALUES ('187', '3', '8', '3', '0');
INSERT INTO `seat` VALUES ('188', '3', '8', '4', '0');
INSERT INTO `seat` VALUES ('189', '3', '8', '5', '0');
INSERT INTO `seat` VALUES ('190', '3', '8', '6', '0');
INSERT INTO `seat` VALUES ('191', '3', '8', '7', '0');
INSERT INTO `seat` VALUES ('192', '3', '8', '8', '0');
INSERT INTO `seat` VALUES ('193', '4', '1', '1', '0');
INSERT INTO `seat` VALUES ('194', '4', '1', '2', '0');
INSERT INTO `seat` VALUES ('195', '4', '1', '3', '0');
INSERT INTO `seat` VALUES ('196', '4', '1', '4', '0');
INSERT INTO `seat` VALUES ('197', '4', '1', '5', '0');
INSERT INTO `seat` VALUES ('198', '4', '1', '6', '0');
INSERT INTO `seat` VALUES ('199', '4', '1', '7', '0');
INSERT INTO `seat` VALUES ('200', '4', '1', '8', '0');
INSERT INTO `seat` VALUES ('201', '4', '2', '1', '0');
INSERT INTO `seat` VALUES ('202', '4', '2', '2', '0');
INSERT INTO `seat` VALUES ('203', '4', '2', '3', '0');
INSERT INTO `seat` VALUES ('204', '4', '2', '4', '0');
INSERT INTO `seat` VALUES ('205', '4', '2', '5', '0');
INSERT INTO `seat` VALUES ('206', '4', '2', '6', '0');
INSERT INTO `seat` VALUES ('207', '4', '2', '7', '0');
INSERT INTO `seat` VALUES ('208', '4', '2', '8', '0');
INSERT INTO `seat` VALUES ('209', '4', '3', '1', '0');
INSERT INTO `seat` VALUES ('210', '4', '3', '2', '0');
INSERT INTO `seat` VALUES ('211', '4', '3', '3', '0');
INSERT INTO `seat` VALUES ('212', '4', '3', '4', '0');
INSERT INTO `seat` VALUES ('213', '4', '3', '5', '0');
INSERT INTO `seat` VALUES ('214', '4', '3', '6', '0');
INSERT INTO `seat` VALUES ('215', '4', '3', '7', '0');
INSERT INTO `seat` VALUES ('216', '4', '3', '8', '0');
INSERT INTO `seat` VALUES ('217', '4', '4', '1', '0');
INSERT INTO `seat` VALUES ('218', '4', '4', '2', '0');
INSERT INTO `seat` VALUES ('219', '4', '4', '3', '0');
INSERT INTO `seat` VALUES ('220', '4', '4', '4', '0');
INSERT INTO `seat` VALUES ('221', '4', '4', '5', '0');
INSERT INTO `seat` VALUES ('222', '4', '4', '6', '0');
INSERT INTO `seat` VALUES ('223', '4', '4', '7', '0');
INSERT INTO `seat` VALUES ('224', '4', '4', '8', '0');
INSERT INTO `seat` VALUES ('225', '4', '5', '1', '0');
INSERT INTO `seat` VALUES ('226', '4', '5', '2', '0');
INSERT INTO `seat` VALUES ('227', '4', '5', '3', '0');
INSERT INTO `seat` VALUES ('228', '4', '5', '4', '0');
INSERT INTO `seat` VALUES ('229', '4', '5', '5', '0');
INSERT INTO `seat` VALUES ('230', '4', '5', '6', '0');
INSERT INTO `seat` VALUES ('231', '4', '5', '7', '0');
INSERT INTO `seat` VALUES ('232', '4', '5', '8', '0');
INSERT INTO `seat` VALUES ('233', '4', '6', '1', '0');
INSERT INTO `seat` VALUES ('234', '4', '6', '2', '0');
INSERT INTO `seat` VALUES ('235', '4', '6', '3', '0');
INSERT INTO `seat` VALUES ('236', '4', '6', '4', '0');
INSERT INTO `seat` VALUES ('237', '4', '6', '5', '0');
INSERT INTO `seat` VALUES ('238', '4', '6', '6', '0');
INSERT INTO `seat` VALUES ('239', '4', '6', '7', '0');
INSERT INTO `seat` VALUES ('240', '4', '6', '8', '0');
INSERT INTO `seat` VALUES ('241', '4', '7', '1', '0');
INSERT INTO `seat` VALUES ('242', '4', '7', '2', '0');
INSERT INTO `seat` VALUES ('243', '4', '7', '3', '0');
INSERT INTO `seat` VALUES ('244', '4', '7', '4', '0');
INSERT INTO `seat` VALUES ('245', '4', '7', '5', '0');
INSERT INTO `seat` VALUES ('246', '4', '7', '6', '0');
INSERT INTO `seat` VALUES ('247', '4', '7', '7', '0');
INSERT INTO `seat` VALUES ('248', '4', '7', '8', '0');
INSERT INTO `seat` VALUES ('249', '4', '8', '1', '0');
INSERT INTO `seat` VALUES ('250', '4', '8', '2', '0');
INSERT INTO `seat` VALUES ('251', '4', '8', '3', '0');
INSERT INTO `seat` VALUES ('252', '4', '8', '4', '0');
INSERT INTO `seat` VALUES ('253', '4', '8', '5', '0');
INSERT INTO `seat` VALUES ('254', '4', '8', '6', '0');
INSERT INTO `seat` VALUES ('255', '4', '8', '7', '0');
INSERT INTO `seat` VALUES ('256', '4', '8', '8', '0');
INSERT INTO `seat` VALUES ('257', '5', '1', '1', '0');
INSERT INTO `seat` VALUES ('258', '5', '1', '2', '0');
INSERT INTO `seat` VALUES ('259', '5', '1', '3', '0');
INSERT INTO `seat` VALUES ('260', '5', '1', '4', '0');
INSERT INTO `seat` VALUES ('261', '5', '1', '5', '0');
INSERT INTO `seat` VALUES ('262', '5', '1', '6', '0');
INSERT INTO `seat` VALUES ('263', '5', '1', '7', '0');
INSERT INTO `seat` VALUES ('264', '5', '1', '8', '0');
INSERT INTO `seat` VALUES ('265', '5', '2', '1', '0');
INSERT INTO `seat` VALUES ('266', '5', '2', '2', '0');
INSERT INTO `seat` VALUES ('267', '5', '2', '3', '0');
INSERT INTO `seat` VALUES ('268', '5', '2', '4', '0');
INSERT INTO `seat` VALUES ('269', '5', '2', '5', '0');
INSERT INTO `seat` VALUES ('270', '5', '2', '6', '0');
INSERT INTO `seat` VALUES ('271', '5', '2', '7', '0');
INSERT INTO `seat` VALUES ('272', '5', '2', '8', '0');
INSERT INTO `seat` VALUES ('273', '5', '3', '1', '0');
INSERT INTO `seat` VALUES ('274', '5', '3', '2', '0');
INSERT INTO `seat` VALUES ('275', '5', '3', '3', '0');
INSERT INTO `seat` VALUES ('276', '5', '3', '4', '0');
INSERT INTO `seat` VALUES ('277', '5', '3', '5', '0');
INSERT INTO `seat` VALUES ('278', '5', '3', '6', '0');
INSERT INTO `seat` VALUES ('279', '5', '3', '7', '0');
INSERT INTO `seat` VALUES ('280', '5', '3', '8', '0');
INSERT INTO `seat` VALUES ('281', '5', '4', '1', '0');
INSERT INTO `seat` VALUES ('282', '5', '4', '2', '0');
INSERT INTO `seat` VALUES ('283', '5', '4', '3', '0');
INSERT INTO `seat` VALUES ('284', '5', '4', '4', '0');
INSERT INTO `seat` VALUES ('285', '5', '4', '5', '0');
INSERT INTO `seat` VALUES ('286', '5', '4', '6', '0');
INSERT INTO `seat` VALUES ('287', '5', '4', '7', '0');
INSERT INTO `seat` VALUES ('288', '5', '4', '8', '0');
INSERT INTO `seat` VALUES ('289', '5', '5', '1', '0');
INSERT INTO `seat` VALUES ('290', '5', '5', '2', '0');
INSERT INTO `seat` VALUES ('291', '5', '5', '3', '0');
INSERT INTO `seat` VALUES ('292', '5', '5', '4', '0');
INSERT INTO `seat` VALUES ('293', '5', '5', '5', '0');
INSERT INTO `seat` VALUES ('294', '5', '5', '6', '0');
INSERT INTO `seat` VALUES ('295', '5', '5', '7', '0');
INSERT INTO `seat` VALUES ('296', '5', '5', '8', '0');
INSERT INTO `seat` VALUES ('297', '5', '6', '1', '0');
INSERT INTO `seat` VALUES ('298', '5', '6', '2', '0');
INSERT INTO `seat` VALUES ('299', '5', '6', '3', '0');
INSERT INTO `seat` VALUES ('300', '5', '6', '4', '0');
INSERT INTO `seat` VALUES ('301', '5', '6', '5', '0');
INSERT INTO `seat` VALUES ('302', '5', '6', '6', '0');
INSERT INTO `seat` VALUES ('303', '5', '6', '7', '0');
INSERT INTO `seat` VALUES ('304', '5', '6', '8', '0');
INSERT INTO `seat` VALUES ('305', '5', '7', '1', '0');
INSERT INTO `seat` VALUES ('306', '5', '7', '2', '0');
INSERT INTO `seat` VALUES ('307', '5', '7', '3', '0');
INSERT INTO `seat` VALUES ('308', '5', '7', '4', '0');
INSERT INTO `seat` VALUES ('309', '5', '7', '5', '0');
INSERT INTO `seat` VALUES ('310', '5', '7', '6', '0');
INSERT INTO `seat` VALUES ('311', '5', '7', '7', '0');
INSERT INTO `seat` VALUES ('312', '5', '7', '8', '0');
INSERT INTO `seat` VALUES ('313', '5', '8', '1', '0');
INSERT INTO `seat` VALUES ('314', '5', '8', '2', '0');
INSERT INTO `seat` VALUES ('315', '5', '8', '3', '0');
INSERT INTO `seat` VALUES ('316', '5', '8', '4', '0');
INSERT INTO `seat` VALUES ('317', '5', '8', '5', '0');
INSERT INTO `seat` VALUES ('318', '5', '8', '6', '0');
INSERT INTO `seat` VALUES ('319', '5', '8', '7', '0');
INSERT INTO `seat` VALUES ('320', '5', '8', '8', '0');
INSERT INTO `seat` VALUES ('321', '6', '1', '1', '0');
INSERT INTO `seat` VALUES ('322', '6', '1', '2', '0');
INSERT INTO `seat` VALUES ('323', '6', '1', '3', '0');
INSERT INTO `seat` VALUES ('324', '6', '1', '4', '0');
INSERT INTO `seat` VALUES ('325', '6', '1', '5', '0');
INSERT INTO `seat` VALUES ('326', '6', '1', '6', '0');
INSERT INTO `seat` VALUES ('327', '6', '1', '7', '0');
INSERT INTO `seat` VALUES ('328', '6', '1', '8', '0');
INSERT INTO `seat` VALUES ('329', '6', '2', '1', '0');
INSERT INTO `seat` VALUES ('330', '6', '2', '2', '0');
INSERT INTO `seat` VALUES ('331', '6', '2', '3', '0');
INSERT INTO `seat` VALUES ('332', '6', '2', '4', '0');
INSERT INTO `seat` VALUES ('333', '6', '2', '5', '0');
INSERT INTO `seat` VALUES ('334', '6', '2', '6', '0');
INSERT INTO `seat` VALUES ('335', '6', '2', '7', '0');
INSERT INTO `seat` VALUES ('336', '6', '2', '8', '0');
INSERT INTO `seat` VALUES ('337', '6', '3', '1', '0');
INSERT INTO `seat` VALUES ('338', '6', '3', '2', '0');
INSERT INTO `seat` VALUES ('339', '6', '3', '3', '0');
INSERT INTO `seat` VALUES ('340', '6', '3', '4', '0');
INSERT INTO `seat` VALUES ('341', '6', '3', '5', '0');
INSERT INTO `seat` VALUES ('342', '6', '3', '6', '0');
INSERT INTO `seat` VALUES ('343', '6', '3', '7', '0');
INSERT INTO `seat` VALUES ('344', '6', '3', '8', '0');
INSERT INTO `seat` VALUES ('345', '6', '4', '1', '0');
INSERT INTO `seat` VALUES ('346', '6', '4', '2', '0');
INSERT INTO `seat` VALUES ('347', '6', '4', '3', '0');
INSERT INTO `seat` VALUES ('348', '6', '4', '4', '0');
INSERT INTO `seat` VALUES ('349', '6', '4', '5', '0');
INSERT INTO `seat` VALUES ('350', '6', '4', '6', '0');
INSERT INTO `seat` VALUES ('351', '6', '4', '7', '0');
INSERT INTO `seat` VALUES ('352', '6', '4', '8', '0');
INSERT INTO `seat` VALUES ('353', '6', '5', '1', '0');
INSERT INTO `seat` VALUES ('354', '6', '5', '2', '0');
INSERT INTO `seat` VALUES ('355', '6', '5', '3', '0');
INSERT INTO `seat` VALUES ('356', '6', '5', '4', '0');
INSERT INTO `seat` VALUES ('357', '6', '5', '5', '0');
INSERT INTO `seat` VALUES ('358', '6', '5', '6', '0');
INSERT INTO `seat` VALUES ('359', '6', '5', '7', '0');
INSERT INTO `seat` VALUES ('360', '6', '5', '8', '0');
INSERT INTO `seat` VALUES ('361', '6', '6', '1', '0');
INSERT INTO `seat` VALUES ('362', '6', '6', '2', '0');
INSERT INTO `seat` VALUES ('363', '6', '6', '3', '0');
INSERT INTO `seat` VALUES ('364', '6', '6', '4', '0');
INSERT INTO `seat` VALUES ('365', '6', '6', '5', '0');
INSERT INTO `seat` VALUES ('366', '6', '6', '6', '0');
INSERT INTO `seat` VALUES ('367', '6', '6', '7', '0');
INSERT INTO `seat` VALUES ('368', '6', '6', '8', '0');
INSERT INTO `seat` VALUES ('369', '6', '7', '1', '0');
INSERT INTO `seat` VALUES ('370', '6', '7', '2', '0');
INSERT INTO `seat` VALUES ('371', '6', '7', '3', '0');
INSERT INTO `seat` VALUES ('372', '6', '7', '4', '0');
INSERT INTO `seat` VALUES ('373', '6', '7', '5', '0');
INSERT INTO `seat` VALUES ('374', '6', '7', '6', '0');
INSERT INTO `seat` VALUES ('375', '6', '7', '7', '0');
INSERT INTO `seat` VALUES ('376', '6', '7', '8', '0');
INSERT INTO `seat` VALUES ('377', '6', '8', '1', '0');
INSERT INTO `seat` VALUES ('378', '6', '8', '2', '0');
INSERT INTO `seat` VALUES ('379', '6', '8', '3', '0');
INSERT INTO `seat` VALUES ('380', '6', '8', '4', '0');
INSERT INTO `seat` VALUES ('381', '6', '8', '5', '0');
INSERT INTO `seat` VALUES ('382', '6', '8', '6', '0');
INSERT INTO `seat` VALUES ('383', '6', '8', '7', '0');
INSERT INTO `seat` VALUES ('384', '6', '8', '8', '0');
INSERT INTO `seat` VALUES ('385', '7', '1', '1', '0');
INSERT INTO `seat` VALUES ('386', '7', '1', '2', '0');
INSERT INTO `seat` VALUES ('387', '7', '1', '3', '0');
INSERT INTO `seat` VALUES ('388', '7', '1', '4', '0');
INSERT INTO `seat` VALUES ('389', '7', '1', '5', '0');
INSERT INTO `seat` VALUES ('390', '7', '1', '6', '0');
INSERT INTO `seat` VALUES ('391', '7', '1', '7', '0');
INSERT INTO `seat` VALUES ('392', '7', '1', '8', '0');
INSERT INTO `seat` VALUES ('393', '7', '2', '1', '0');
INSERT INTO `seat` VALUES ('394', '7', '2', '2', '0');
INSERT INTO `seat` VALUES ('395', '7', '2', '3', '0');
INSERT INTO `seat` VALUES ('396', '7', '2', '4', '0');
INSERT INTO `seat` VALUES ('397', '7', '2', '5', '0');
INSERT INTO `seat` VALUES ('398', '7', '2', '6', '0');
INSERT INTO `seat` VALUES ('399', '7', '2', '7', '0');
INSERT INTO `seat` VALUES ('400', '7', '2', '8', '0');
INSERT INTO `seat` VALUES ('401', '7', '3', '1', '0');
INSERT INTO `seat` VALUES ('402', '7', '3', '2', '0');
INSERT INTO `seat` VALUES ('403', '7', '3', '3', '0');
INSERT INTO `seat` VALUES ('404', '7', '3', '4', '0');
INSERT INTO `seat` VALUES ('405', '7', '3', '5', '0');
INSERT INTO `seat` VALUES ('406', '7', '3', '6', '0');
INSERT INTO `seat` VALUES ('407', '7', '3', '7', '0');
INSERT INTO `seat` VALUES ('408', '7', '3', '8', '0');
INSERT INTO `seat` VALUES ('409', '7', '4', '1', '0');
INSERT INTO `seat` VALUES ('410', '7', '4', '2', '0');
INSERT INTO `seat` VALUES ('411', '7', '4', '3', '0');
INSERT INTO `seat` VALUES ('412', '7', '4', '4', '0');
INSERT INTO `seat` VALUES ('413', '7', '4', '5', '0');
INSERT INTO `seat` VALUES ('414', '7', '4', '6', '0');
INSERT INTO `seat` VALUES ('415', '7', '4', '7', '0');
INSERT INTO `seat` VALUES ('416', '7', '4', '8', '0');
INSERT INTO `seat` VALUES ('417', '7', '5', '1', '0');
INSERT INTO `seat` VALUES ('418', '7', '5', '2', '0');
INSERT INTO `seat` VALUES ('419', '7', '5', '3', '0');
INSERT INTO `seat` VALUES ('420', '7', '5', '4', '0');
INSERT INTO `seat` VALUES ('421', '7', '5', '5', '0');
INSERT INTO `seat` VALUES ('422', '7', '5', '6', '0');
INSERT INTO `seat` VALUES ('423', '7', '5', '7', '0');
INSERT INTO `seat` VALUES ('424', '7', '5', '8', '0');
INSERT INTO `seat` VALUES ('425', '7', '6', '1', '0');
INSERT INTO `seat` VALUES ('426', '7', '6', '2', '0');
INSERT INTO `seat` VALUES ('427', '7', '6', '3', '0');
INSERT INTO `seat` VALUES ('428', '7', '6', '4', '0');
INSERT INTO `seat` VALUES ('429', '7', '6', '5', '0');
INSERT INTO `seat` VALUES ('430', '7', '6', '6', '0');
INSERT INTO `seat` VALUES ('431', '7', '6', '7', '0');
INSERT INTO `seat` VALUES ('432', '7', '6', '8', '0');
INSERT INTO `seat` VALUES ('433', '7', '7', '1', '0');
INSERT INTO `seat` VALUES ('434', '7', '7', '2', '0');
INSERT INTO `seat` VALUES ('435', '7', '7', '3', '0');
INSERT INTO `seat` VALUES ('436', '7', '7', '4', '0');
INSERT INTO `seat` VALUES ('437', '7', '7', '5', '0');
INSERT INTO `seat` VALUES ('438', '7', '7', '6', '0');
INSERT INTO `seat` VALUES ('439', '7', '7', '7', '0');
INSERT INTO `seat` VALUES ('440', '7', '7', '8', '0');
INSERT INTO `seat` VALUES ('441', '7', '8', '1', '0');
INSERT INTO `seat` VALUES ('442', '7', '8', '2', '0');
INSERT INTO `seat` VALUES ('443', '7', '8', '3', '0');
INSERT INTO `seat` VALUES ('444', '7', '8', '4', '0');
INSERT INTO `seat` VALUES ('445', '7', '8', '5', '0');
INSERT INTO `seat` VALUES ('446', '7', '8', '6', '0');
INSERT INTO `seat` VALUES ('447', '7', '8', '7', '0');
INSERT INTO `seat` VALUES ('448', '7', '8', '8', '0');
INSERT INTO `seat` VALUES ('449', '8', '1', '1', '0');
INSERT INTO `seat` VALUES ('450', '8', '1', '2', '0');
INSERT INTO `seat` VALUES ('451', '8', '1', '3', '0');
INSERT INTO `seat` VALUES ('452', '8', '1', '4', '0');
INSERT INTO `seat` VALUES ('453', '8', '1', '5', '0');
INSERT INTO `seat` VALUES ('454', '8', '1', '6', '0');
INSERT INTO `seat` VALUES ('455', '8', '1', '7', '0');
INSERT INTO `seat` VALUES ('456', '8', '1', '8', '0');
INSERT INTO `seat` VALUES ('457', '8', '2', '1', '0');
INSERT INTO `seat` VALUES ('458', '8', '2', '2', '0');
INSERT INTO `seat` VALUES ('459', '8', '2', '3', '0');
INSERT INTO `seat` VALUES ('460', '8', '2', '4', '0');
INSERT INTO `seat` VALUES ('461', '8', '2', '5', '0');
INSERT INTO `seat` VALUES ('462', '8', '2', '6', '0');
INSERT INTO `seat` VALUES ('463', '8', '2', '7', '0');
INSERT INTO `seat` VALUES ('464', '8', '2', '8', '0');
INSERT INTO `seat` VALUES ('465', '8', '3', '1', '0');
INSERT INTO `seat` VALUES ('466', '8', '3', '2', '0');
INSERT INTO `seat` VALUES ('467', '8', '3', '3', '0');
INSERT INTO `seat` VALUES ('468', '8', '3', '4', '0');
INSERT INTO `seat` VALUES ('469', '8', '3', '5', '0');
INSERT INTO `seat` VALUES ('470', '8', '3', '6', '0');
INSERT INTO `seat` VALUES ('471', '8', '3', '7', '0');
INSERT INTO `seat` VALUES ('472', '8', '3', '8', '0');
INSERT INTO `seat` VALUES ('473', '8', '4', '1', '0');
INSERT INTO `seat` VALUES ('474', '8', '4', '2', '0');
INSERT INTO `seat` VALUES ('475', '8', '4', '3', '0');
INSERT INTO `seat` VALUES ('476', '8', '4', '4', '0');
INSERT INTO `seat` VALUES ('477', '8', '4', '5', '0');
INSERT INTO `seat` VALUES ('478', '8', '4', '6', '0');
INSERT INTO `seat` VALUES ('479', '8', '4', '7', '0');
INSERT INTO `seat` VALUES ('480', '8', '4', '8', '0');
INSERT INTO `seat` VALUES ('481', '8', '5', '1', '0');
INSERT INTO `seat` VALUES ('482', '8', '5', '2', '0');
INSERT INTO `seat` VALUES ('483', '8', '5', '3', '0');
INSERT INTO `seat` VALUES ('484', '8', '5', '4', '0');
INSERT INTO `seat` VALUES ('485', '8', '5', '5', '0');
INSERT INTO `seat` VALUES ('486', '8', '5', '6', '0');
INSERT INTO `seat` VALUES ('487', '8', '5', '7', '0');
INSERT INTO `seat` VALUES ('488', '8', '5', '8', '0');
INSERT INTO `seat` VALUES ('489', '8', '6', '1', '0');
INSERT INTO `seat` VALUES ('490', '8', '6', '2', '0');
INSERT INTO `seat` VALUES ('491', '8', '6', '3', '0');
INSERT INTO `seat` VALUES ('492', '8', '6', '4', '0');
INSERT INTO `seat` VALUES ('493', '8', '6', '5', '0');
INSERT INTO `seat` VALUES ('494', '8', '6', '6', '0');
INSERT INTO `seat` VALUES ('495', '8', '6', '7', '0');
INSERT INTO `seat` VALUES ('496', '8', '6', '8', '0');
INSERT INTO `seat` VALUES ('497', '8', '7', '1', '0');
INSERT INTO `seat` VALUES ('498', '8', '7', '2', '0');
INSERT INTO `seat` VALUES ('499', '8', '7', '3', '0');
INSERT INTO `seat` VALUES ('500', '8', '7', '4', '0');
INSERT INTO `seat` VALUES ('501', '8', '7', '5', '0');
INSERT INTO `seat` VALUES ('502', '8', '7', '6', '0');
INSERT INTO `seat` VALUES ('503', '8', '7', '7', '0');
INSERT INTO `seat` VALUES ('504', '8', '7', '8', '0');
INSERT INTO `seat` VALUES ('505', '8', '8', '1', '0');
INSERT INTO `seat` VALUES ('506', '8', '8', '2', '0');
INSERT INTO `seat` VALUES ('507', '8', '8', '3', '0');
INSERT INTO `seat` VALUES ('508', '8', '8', '4', '0');
INSERT INTO `seat` VALUES ('509', '8', '8', '5', '0');
INSERT INTO `seat` VALUES ('510', '8', '8', '6', '0');
INSERT INTO `seat` VALUES ('511', '8', '8', '7', '0');
INSERT INTO `seat` VALUES ('512', '8', '8', '8', '0');
INSERT INTO `seat` VALUES ('513', '9', '1', '1', '0');
INSERT INTO `seat` VALUES ('514', '9', '1', '2', '0');
INSERT INTO `seat` VALUES ('515', '9', '1', '3', '0');
INSERT INTO `seat` VALUES ('516', '9', '1', '4', '0');
INSERT INTO `seat` VALUES ('517', '9', '1', '5', '0');
INSERT INTO `seat` VALUES ('518', '9', '1', '6', '0');
INSERT INTO `seat` VALUES ('519', '9', '1', '7', '0');
INSERT INTO `seat` VALUES ('520', '9', '1', '8', '0');
INSERT INTO `seat` VALUES ('521', '9', '2', '1', '0');
INSERT INTO `seat` VALUES ('522', '9', '2', '2', '0');
INSERT INTO `seat` VALUES ('523', '9', '2', '3', '0');
INSERT INTO `seat` VALUES ('524', '9', '2', '4', '0');
INSERT INTO `seat` VALUES ('525', '9', '2', '5', '0');
INSERT INTO `seat` VALUES ('526', '9', '2', '6', '0');
INSERT INTO `seat` VALUES ('527', '9', '2', '7', '0');
INSERT INTO `seat` VALUES ('528', '9', '2', '8', '0');
INSERT INTO `seat` VALUES ('529', '9', '3', '1', '0');
INSERT INTO `seat` VALUES ('530', '9', '3', '2', '0');
INSERT INTO `seat` VALUES ('531', '9', '3', '3', '0');
INSERT INTO `seat` VALUES ('532', '9', '3', '4', '0');
INSERT INTO `seat` VALUES ('533', '9', '3', '5', '0');
INSERT INTO `seat` VALUES ('534', '9', '3', '6', '0');
INSERT INTO `seat` VALUES ('535', '9', '3', '7', '0');
INSERT INTO `seat` VALUES ('536', '9', '3', '8', '0');
INSERT INTO `seat` VALUES ('537', '9', '4', '1', '0');
INSERT INTO `seat` VALUES ('538', '9', '4', '2', '0');
INSERT INTO `seat` VALUES ('539', '9', '4', '3', '0');
INSERT INTO `seat` VALUES ('540', '9', '4', '4', '0');
INSERT INTO `seat` VALUES ('541', '9', '4', '5', '0');
INSERT INTO `seat` VALUES ('542', '9', '4', '6', '0');
INSERT INTO `seat` VALUES ('543', '9', '4', '7', '0');
INSERT INTO `seat` VALUES ('544', '9', '4', '8', '0');
INSERT INTO `seat` VALUES ('545', '9', '5', '1', '0');
INSERT INTO `seat` VALUES ('546', '9', '5', '2', '0');
INSERT INTO `seat` VALUES ('547', '9', '5', '3', '0');
INSERT INTO `seat` VALUES ('548', '9', '5', '4', '0');
INSERT INTO `seat` VALUES ('549', '9', '5', '5', '0');
INSERT INTO `seat` VALUES ('550', '9', '5', '6', '0');
INSERT INTO `seat` VALUES ('551', '9', '5', '7', '0');
INSERT INTO `seat` VALUES ('552', '9', '5', '8', '0');
INSERT INTO `seat` VALUES ('553', '9', '6', '1', '0');
INSERT INTO `seat` VALUES ('554', '9', '6', '2', '0');
INSERT INTO `seat` VALUES ('555', '9', '6', '3', '0');
INSERT INTO `seat` VALUES ('556', '9', '6', '4', '0');
INSERT INTO `seat` VALUES ('557', '9', '6', '5', '0');
INSERT INTO `seat` VALUES ('558', '9', '6', '6', '0');
INSERT INTO `seat` VALUES ('559', '9', '6', '7', '0');
INSERT INTO `seat` VALUES ('560', '9', '6', '8', '0');
INSERT INTO `seat` VALUES ('561', '9', '7', '1', '0');
INSERT INTO `seat` VALUES ('562', '9', '7', '2', '0');
INSERT INTO `seat` VALUES ('563', '9', '7', '3', '0');
INSERT INTO `seat` VALUES ('564', '9', '7', '4', '0');
INSERT INTO `seat` VALUES ('565', '9', '7', '5', '0');
INSERT INTO `seat` VALUES ('566', '9', '7', '6', '0');
INSERT INTO `seat` VALUES ('567', '9', '7', '7', '0');
INSERT INTO `seat` VALUES ('568', '9', '7', '8', '0');
INSERT INTO `seat` VALUES ('569', '9', '8', '1', '0');
INSERT INTO `seat` VALUES ('570', '9', '8', '2', '0');
INSERT INTO `seat` VALUES ('571', '9', '8', '3', '0');
INSERT INTO `seat` VALUES ('572', '9', '8', '4', '0');
INSERT INTO `seat` VALUES ('573', '9', '8', '5', '0');
INSERT INTO `seat` VALUES ('574', '9', '8', '6', '0');
INSERT INTO `seat` VALUES ('575', '9', '8', '7', '0');
INSERT INTO `seat` VALUES ('576', '9', '8', '8', '0');
INSERT INTO `seat` VALUES ('577', '10', '1', '1', '0');
INSERT INTO `seat` VALUES ('578', '10', '1', '2', '0');
INSERT INTO `seat` VALUES ('579', '10', '1', '3', '0');
INSERT INTO `seat` VALUES ('580', '10', '1', '4', '0');
INSERT INTO `seat` VALUES ('581', '10', '1', '5', '0');
INSERT INTO `seat` VALUES ('582', '10', '1', '6', '0');
INSERT INTO `seat` VALUES ('583', '10', '1', '7', '0');
INSERT INTO `seat` VALUES ('584', '10', '1', '8', '0');
INSERT INTO `seat` VALUES ('585', '10', '2', '1', '0');
INSERT INTO `seat` VALUES ('586', '10', '2', '2', '0');
INSERT INTO `seat` VALUES ('587', '10', '2', '3', '0');
INSERT INTO `seat` VALUES ('588', '10', '2', '4', '0');
INSERT INTO `seat` VALUES ('589', '10', '2', '5', '0');
INSERT INTO `seat` VALUES ('590', '10', '2', '6', '0');
INSERT INTO `seat` VALUES ('591', '10', '2', '7', '0');
INSERT INTO `seat` VALUES ('592', '10', '2', '8', '0');
INSERT INTO `seat` VALUES ('593', '10', '3', '1', '0');
INSERT INTO `seat` VALUES ('594', '10', '3', '2', '0');
INSERT INTO `seat` VALUES ('595', '10', '3', '3', '0');
INSERT INTO `seat` VALUES ('596', '10', '3', '4', '0');
INSERT INTO `seat` VALUES ('597', '10', '3', '5', '0');
INSERT INTO `seat` VALUES ('598', '10', '3', '6', '0');
INSERT INTO `seat` VALUES ('599', '10', '3', '7', '0');
INSERT INTO `seat` VALUES ('600', '10', '3', '8', '0');
INSERT INTO `seat` VALUES ('601', '10', '4', '1', '0');
INSERT INTO `seat` VALUES ('602', '10', '4', '2', '0');
INSERT INTO `seat` VALUES ('603', '10', '4', '3', '0');
INSERT INTO `seat` VALUES ('604', '10', '4', '4', '0');
INSERT INTO `seat` VALUES ('605', '10', '4', '5', '0');
INSERT INTO `seat` VALUES ('606', '10', '4', '6', '0');
INSERT INTO `seat` VALUES ('607', '10', '4', '7', '0');
INSERT INTO `seat` VALUES ('608', '10', '4', '8', '0');
INSERT INTO `seat` VALUES ('609', '10', '5', '1', '0');
INSERT INTO `seat` VALUES ('610', '10', '5', '2', '0');
INSERT INTO `seat` VALUES ('611', '10', '5', '3', '0');
INSERT INTO `seat` VALUES ('612', '10', '5', '4', '0');
INSERT INTO `seat` VALUES ('613', '10', '5', '5', '0');
INSERT INTO `seat` VALUES ('614', '10', '5', '6', '0');
INSERT INTO `seat` VALUES ('615', '10', '5', '7', '0');
INSERT INTO `seat` VALUES ('616', '10', '5', '8', '0');
INSERT INTO `seat` VALUES ('617', '10', '6', '1', '0');
INSERT INTO `seat` VALUES ('618', '10', '6', '2', '0');
INSERT INTO `seat` VALUES ('619', '10', '6', '3', '0');
INSERT INTO `seat` VALUES ('620', '10', '6', '4', '0');
INSERT INTO `seat` VALUES ('621', '10', '6', '5', '0');
INSERT INTO `seat` VALUES ('622', '10', '6', '6', '0');
INSERT INTO `seat` VALUES ('623', '10', '6', '7', '0');
INSERT INTO `seat` VALUES ('624', '10', '6', '8', '0');
INSERT INTO `seat` VALUES ('625', '10', '7', '1', '0');
INSERT INTO `seat` VALUES ('626', '10', '7', '2', '0');
INSERT INTO `seat` VALUES ('627', '10', '7', '3', '0');
INSERT INTO `seat` VALUES ('628', '10', '7', '4', '0');
INSERT INTO `seat` VALUES ('629', '10', '7', '5', '0');
INSERT INTO `seat` VALUES ('630', '10', '7', '6', '0');
INSERT INTO `seat` VALUES ('631', '10', '7', '7', '0');
INSERT INTO `seat` VALUES ('632', '10', '7', '8', '0');
INSERT INTO `seat` VALUES ('633', '10', '8', '1', '0');
INSERT INTO `seat` VALUES ('634', '10', '8', '2', '0');
INSERT INTO `seat` VALUES ('635', '10', '8', '3', '0');
INSERT INTO `seat` VALUES ('636', '10', '8', '4', '0');
INSERT INTO `seat` VALUES ('637', '10', '8', '5', '0');
INSERT INTO `seat` VALUES ('638', '10', '8', '6', '0');
INSERT INTO `seat` VALUES ('639', '10', '8', '7', '0');
INSERT INTO `seat` VALUES ('640', '10', '8', '8', '0');
INSERT INTO `seat` VALUES ('641', '11', '1', '1', '0');
INSERT INTO `seat` VALUES ('642', '11', '1', '2', '0');
INSERT INTO `seat` VALUES ('643', '11', '1', '3', '0');
INSERT INTO `seat` VALUES ('644', '11', '1', '4', '0');
INSERT INTO `seat` VALUES ('645', '11', '1', '5', '0');
INSERT INTO `seat` VALUES ('646', '11', '1', '6', '0');
INSERT INTO `seat` VALUES ('647', '11', '1', '7', '0');
INSERT INTO `seat` VALUES ('648', '11', '1', '8', '0');
INSERT INTO `seat` VALUES ('649', '11', '2', '1', '0');
INSERT INTO `seat` VALUES ('650', '11', '2', '2', '0');
INSERT INTO `seat` VALUES ('651', '11', '2', '3', '0');
INSERT INTO `seat` VALUES ('652', '11', '2', '4', '0');
INSERT INTO `seat` VALUES ('653', '11', '2', '5', '0');
INSERT INTO `seat` VALUES ('654', '11', '2', '6', '0');
INSERT INTO `seat` VALUES ('655', '11', '2', '7', '0');
INSERT INTO `seat` VALUES ('656', '11', '2', '8', '0');
INSERT INTO `seat` VALUES ('657', '11', '3', '1', '0');
INSERT INTO `seat` VALUES ('658', '11', '3', '2', '0');
INSERT INTO `seat` VALUES ('659', '11', '3', '3', '0');
INSERT INTO `seat` VALUES ('660', '11', '3', '4', '0');
INSERT INTO `seat` VALUES ('661', '11', '3', '5', '0');
INSERT INTO `seat` VALUES ('662', '11', '3', '6', '0');
INSERT INTO `seat` VALUES ('663', '11', '3', '7', '0');
INSERT INTO `seat` VALUES ('664', '11', '3', '8', '0');
INSERT INTO `seat` VALUES ('665', '11', '4', '1', '0');
INSERT INTO `seat` VALUES ('666', '11', '4', '2', '0');
INSERT INTO `seat` VALUES ('667', '11', '4', '3', '0');
INSERT INTO `seat` VALUES ('668', '11', '4', '4', '0');
INSERT INTO `seat` VALUES ('669', '11', '4', '5', '0');
INSERT INTO `seat` VALUES ('670', '11', '4', '6', '0');
INSERT INTO `seat` VALUES ('671', '11', '4', '7', '0');
INSERT INTO `seat` VALUES ('672', '11', '4', '8', '0');
INSERT INTO `seat` VALUES ('673', '11', '5', '1', '0');
INSERT INTO `seat` VALUES ('674', '11', '5', '2', '0');
INSERT INTO `seat` VALUES ('675', '11', '5', '3', '0');
INSERT INTO `seat` VALUES ('676', '11', '5', '4', '0');
INSERT INTO `seat` VALUES ('677', '11', '5', '5', '0');
INSERT INTO `seat` VALUES ('678', '11', '5', '6', '0');
INSERT INTO `seat` VALUES ('679', '11', '5', '7', '0');
INSERT INTO `seat` VALUES ('680', '11', '5', '8', '0');
INSERT INTO `seat` VALUES ('681', '11', '6', '1', '0');
INSERT INTO `seat` VALUES ('682', '11', '6', '2', '0');
INSERT INTO `seat` VALUES ('683', '11', '6', '3', '0');
INSERT INTO `seat` VALUES ('684', '11', '6', '4', '0');
INSERT INTO `seat` VALUES ('685', '11', '6', '5', '0');
INSERT INTO `seat` VALUES ('686', '11', '6', '6', '0');
INSERT INTO `seat` VALUES ('687', '11', '6', '7', '0');
INSERT INTO `seat` VALUES ('688', '11', '6', '8', '0');
INSERT INTO `seat` VALUES ('689', '11', '7', '1', '0');
INSERT INTO `seat` VALUES ('690', '11', '7', '2', '0');
INSERT INTO `seat` VALUES ('691', '11', '7', '3', '0');
INSERT INTO `seat` VALUES ('692', '11', '7', '4', '0');
INSERT INTO `seat` VALUES ('693', '11', '7', '5', '0');
INSERT INTO `seat` VALUES ('694', '11', '7', '6', '0');
INSERT INTO `seat` VALUES ('695', '11', '7', '7', '0');
INSERT INTO `seat` VALUES ('696', '11', '7', '8', '0');
INSERT INTO `seat` VALUES ('697', '11', '8', '1', '0');
INSERT INTO `seat` VALUES ('698', '11', '8', '2', '0');
INSERT INTO `seat` VALUES ('699', '11', '8', '3', '0');
INSERT INTO `seat` VALUES ('700', '11', '8', '4', '0');
INSERT INTO `seat` VALUES ('701', '11', '8', '5', '0');
INSERT INTO `seat` VALUES ('702', '11', '8', '6', '0');
INSERT INTO `seat` VALUES ('703', '11', '8', '7', '0');
INSERT INTO `seat` VALUES ('704', '11', '8', '8', '0');
INSERT INTO `seat` VALUES ('705', '12', '1', '1', '0');
INSERT INTO `seat` VALUES ('706', '12', '1', '2', '0');
INSERT INTO `seat` VALUES ('707', '12', '1', '3', '0');
INSERT INTO `seat` VALUES ('708', '12', '1', '4', '0');
INSERT INTO `seat` VALUES ('709', '12', '1', '5', '0');
INSERT INTO `seat` VALUES ('710', '12', '1', '6', '0');
INSERT INTO `seat` VALUES ('711', '12', '1', '7', '0');
INSERT INTO `seat` VALUES ('712', '12', '1', '8', '0');
INSERT INTO `seat` VALUES ('713', '12', '2', '1', '0');
INSERT INTO `seat` VALUES ('714', '12', '2', '2', '0');
INSERT INTO `seat` VALUES ('715', '12', '2', '3', '0');
INSERT INTO `seat` VALUES ('716', '12', '2', '4', '0');
INSERT INTO `seat` VALUES ('717', '12', '2', '5', '0');
INSERT INTO `seat` VALUES ('718', '12', '2', '6', '0');
INSERT INTO `seat` VALUES ('719', '12', '2', '7', '0');
INSERT INTO `seat` VALUES ('720', '12', '2', '8', '0');
INSERT INTO `seat` VALUES ('721', '12', '3', '1', '0');
INSERT INTO `seat` VALUES ('722', '12', '3', '2', '0');
INSERT INTO `seat` VALUES ('723', '12', '3', '3', '0');
INSERT INTO `seat` VALUES ('724', '12', '3', '4', '0');
INSERT INTO `seat` VALUES ('725', '12', '3', '5', '0');
INSERT INTO `seat` VALUES ('726', '12', '3', '6', '0');
INSERT INTO `seat` VALUES ('727', '12', '3', '7', '0');
INSERT INTO `seat` VALUES ('728', '12', '3', '8', '0');
INSERT INTO `seat` VALUES ('729', '12', '4', '1', '0');
INSERT INTO `seat` VALUES ('730', '12', '4', '2', '0');
INSERT INTO `seat` VALUES ('731', '12', '4', '3', '0');
INSERT INTO `seat` VALUES ('732', '12', '4', '4', '0');
INSERT INTO `seat` VALUES ('733', '12', '4', '5', '0');
INSERT INTO `seat` VALUES ('734', '12', '4', '6', '0');
INSERT INTO `seat` VALUES ('735', '12', '4', '7', '0');
INSERT INTO `seat` VALUES ('736', '12', '4', '8', '0');
INSERT INTO `seat` VALUES ('737', '12', '5', '1', '0');
INSERT INTO `seat` VALUES ('738', '12', '5', '2', '0');
INSERT INTO `seat` VALUES ('739', '12', '5', '3', '0');
INSERT INTO `seat` VALUES ('740', '12', '5', '4', '0');
INSERT INTO `seat` VALUES ('741', '12', '5', '5', '0');
INSERT INTO `seat` VALUES ('742', '12', '5', '6', '0');
INSERT INTO `seat` VALUES ('743', '12', '5', '7', '0');
INSERT INTO `seat` VALUES ('744', '12', '5', '8', '0');
INSERT INTO `seat` VALUES ('745', '12', '6', '1', '0');
INSERT INTO `seat` VALUES ('746', '12', '6', '2', '0');
INSERT INTO `seat` VALUES ('747', '12', '6', '3', '0');
INSERT INTO `seat` VALUES ('748', '12', '6', '4', '0');
INSERT INTO `seat` VALUES ('749', '12', '6', '5', '0');
INSERT INTO `seat` VALUES ('750', '12', '6', '6', '0');
INSERT INTO `seat` VALUES ('751', '12', '6', '7', '0');
INSERT INTO `seat` VALUES ('752', '12', '6', '8', '0');
INSERT INTO `seat` VALUES ('753', '12', '7', '1', '0');
INSERT INTO `seat` VALUES ('754', '12', '7', '2', '0');
INSERT INTO `seat` VALUES ('755', '12', '7', '3', '0');
INSERT INTO `seat` VALUES ('756', '12', '7', '4', '0');
INSERT INTO `seat` VALUES ('757', '12', '7', '5', '0');
INSERT INTO `seat` VALUES ('758', '12', '7', '6', '0');
INSERT INTO `seat` VALUES ('759', '12', '7', '7', '0');
INSERT INTO `seat` VALUES ('760', '12', '7', '8', '0');
INSERT INTO `seat` VALUES ('761', '12', '8', '1', '0');
INSERT INTO `seat` VALUES ('762', '12', '8', '2', '0');
INSERT INTO `seat` VALUES ('763', '12', '8', '3', '0');
INSERT INTO `seat` VALUES ('764', '12', '8', '4', '0');
INSERT INTO `seat` VALUES ('765', '12', '8', '5', '0');
INSERT INTO `seat` VALUES ('766', '12', '8', '6', '0');
INSERT INTO `seat` VALUES ('767', '12', '8', '7', '0');
INSERT INTO `seat` VALUES ('768', '12', '8', '8', '0');
INSERT INTO `seat` VALUES ('769', '13', '1', '1', '0');
INSERT INTO `seat` VALUES ('770', '13', '1', '2', '0');
INSERT INTO `seat` VALUES ('771', '13', '1', '3', '0');
INSERT INTO `seat` VALUES ('772', '13', '1', '4', '0');
INSERT INTO `seat` VALUES ('773', '13', '1', '5', '0');
INSERT INTO `seat` VALUES ('774', '13', '1', '6', '0');
INSERT INTO `seat` VALUES ('775', '13', '1', '7', '0');
INSERT INTO `seat` VALUES ('776', '13', '1', '8', '0');
INSERT INTO `seat` VALUES ('777', '13', '2', '1', '0');
INSERT INTO `seat` VALUES ('778', '13', '2', '2', '0');
INSERT INTO `seat` VALUES ('779', '13', '2', '3', '0');
INSERT INTO `seat` VALUES ('780', '13', '2', '4', '0');
INSERT INTO `seat` VALUES ('781', '13', '2', '5', '0');
INSERT INTO `seat` VALUES ('782', '13', '2', '6', '0');
INSERT INTO `seat` VALUES ('783', '13', '2', '7', '0');
INSERT INTO `seat` VALUES ('784', '13', '2', '8', '0');
INSERT INTO `seat` VALUES ('785', '13', '3', '1', '0');
INSERT INTO `seat` VALUES ('786', '13', '3', '2', '0');
INSERT INTO `seat` VALUES ('787', '13', '3', '3', '0');
INSERT INTO `seat` VALUES ('788', '13', '3', '4', '0');
INSERT INTO `seat` VALUES ('789', '13', '3', '5', '0');
INSERT INTO `seat` VALUES ('790', '13', '3', '6', '0');
INSERT INTO `seat` VALUES ('791', '13', '3', '7', '0');
INSERT INTO `seat` VALUES ('792', '13', '3', '8', '0');
INSERT INTO `seat` VALUES ('793', '13', '4', '1', '0');
INSERT INTO `seat` VALUES ('794', '13', '4', '2', '0');
INSERT INTO `seat` VALUES ('795', '13', '4', '3', '0');
INSERT INTO `seat` VALUES ('796', '13', '4', '4', '0');
INSERT INTO `seat` VALUES ('797', '13', '4', '5', '0');
INSERT INTO `seat` VALUES ('798', '13', '4', '6', '0');
INSERT INTO `seat` VALUES ('799', '13', '4', '7', '0');
INSERT INTO `seat` VALUES ('800', '13', '4', '8', '0');
INSERT INTO `seat` VALUES ('801', '13', '5', '1', '0');
INSERT INTO `seat` VALUES ('802', '13', '5', '2', '0');
INSERT INTO `seat` VALUES ('803', '13', '5', '3', '0');
INSERT INTO `seat` VALUES ('804', '13', '5', '4', '0');
INSERT INTO `seat` VALUES ('805', '13', '5', '5', '0');
INSERT INTO `seat` VALUES ('806', '13', '5', '6', '0');
INSERT INTO `seat` VALUES ('807', '13', '5', '7', '0');
INSERT INTO `seat` VALUES ('808', '13', '5', '8', '0');
INSERT INTO `seat` VALUES ('809', '13', '6', '1', '0');
INSERT INTO `seat` VALUES ('810', '13', '6', '2', '0');
INSERT INTO `seat` VALUES ('811', '13', '6', '3', '0');
INSERT INTO `seat` VALUES ('812', '13', '6', '4', '0');
INSERT INTO `seat` VALUES ('813', '13', '6', '5', '0');
INSERT INTO `seat` VALUES ('814', '13', '6', '6', '0');
INSERT INTO `seat` VALUES ('815', '13', '6', '7', '0');
INSERT INTO `seat` VALUES ('816', '13', '6', '8', '0');
INSERT INTO `seat` VALUES ('817', '13', '7', '1', '0');
INSERT INTO `seat` VALUES ('818', '13', '7', '2', '0');
INSERT INTO `seat` VALUES ('819', '13', '7', '3', '0');
INSERT INTO `seat` VALUES ('820', '13', '7', '4', '0');
INSERT INTO `seat` VALUES ('821', '13', '7', '5', '0');
INSERT INTO `seat` VALUES ('822', '13', '7', '6', '0');
INSERT INTO `seat` VALUES ('823', '13', '7', '7', '0');
INSERT INTO `seat` VALUES ('824', '13', '7', '8', '0');
INSERT INTO `seat` VALUES ('825', '13', '8', '1', '0');
INSERT INTO `seat` VALUES ('826', '13', '8', '2', '0');
INSERT INTO `seat` VALUES ('827', '13', '8', '3', '0');
INSERT INTO `seat` VALUES ('828', '13', '8', '4', '0');
INSERT INTO `seat` VALUES ('829', '13', '8', '5', '0');
INSERT INTO `seat` VALUES ('830', '13', '8', '6', '0');
INSERT INTO `seat` VALUES ('831', '13', '8', '7', '0');
INSERT INTO `seat` VALUES ('832', '13', '8', '8', '0');
INSERT INTO `seat` VALUES ('833', '14', '1', '1', '0');
INSERT INTO `seat` VALUES ('834', '14', '1', '2', '0');
INSERT INTO `seat` VALUES ('835', '14', '1', '3', '0');
INSERT INTO `seat` VALUES ('836', '14', '1', '4', '0');
INSERT INTO `seat` VALUES ('837', '14', '1', '5', '0');
INSERT INTO `seat` VALUES ('838', '14', '1', '6', '0');
INSERT INTO `seat` VALUES ('839', '14', '1', '7', '0');
INSERT INTO `seat` VALUES ('840', '14', '1', '8', '0');
INSERT INTO `seat` VALUES ('841', '14', '2', '1', '0');
INSERT INTO `seat` VALUES ('842', '14', '2', '2', '0');
INSERT INTO `seat` VALUES ('843', '14', '2', '3', '0');
INSERT INTO `seat` VALUES ('844', '14', '2', '4', '0');
INSERT INTO `seat` VALUES ('845', '14', '2', '5', '0');
INSERT INTO `seat` VALUES ('846', '14', '2', '6', '0');
INSERT INTO `seat` VALUES ('847', '14', '2', '7', '0');
INSERT INTO `seat` VALUES ('848', '14', '2', '8', '0');
INSERT INTO `seat` VALUES ('849', '14', '3', '1', '0');
INSERT INTO `seat` VALUES ('850', '14', '3', '2', '0');
INSERT INTO `seat` VALUES ('851', '14', '3', '3', '0');
INSERT INTO `seat` VALUES ('852', '14', '3', '4', '0');
INSERT INTO `seat` VALUES ('853', '14', '3', '5', '0');
INSERT INTO `seat` VALUES ('854', '14', '3', '6', '0');
INSERT INTO `seat` VALUES ('855', '14', '3', '7', '0');
INSERT INTO `seat` VALUES ('856', '14', '3', '8', '0');
INSERT INTO `seat` VALUES ('857', '14', '4', '1', '0');
INSERT INTO `seat` VALUES ('858', '14', '4', '2', '0');
INSERT INTO `seat` VALUES ('859', '14', '4', '3', '0');
INSERT INTO `seat` VALUES ('860', '14', '4', '4', '0');
INSERT INTO `seat` VALUES ('861', '14', '4', '5', '0');
INSERT INTO `seat` VALUES ('862', '14', '4', '6', '0');
INSERT INTO `seat` VALUES ('863', '14', '4', '7', '0');
INSERT INTO `seat` VALUES ('864', '14', '4', '8', '0');
INSERT INTO `seat` VALUES ('865', '14', '5', '1', '0');
INSERT INTO `seat` VALUES ('866', '14', '5', '2', '0');
INSERT INTO `seat` VALUES ('867', '14', '5', '3', '0');
INSERT INTO `seat` VALUES ('868', '14', '5', '4', '0');
INSERT INTO `seat` VALUES ('869', '14', '5', '5', '0');
INSERT INTO `seat` VALUES ('870', '14', '5', '6', '0');
INSERT INTO `seat` VALUES ('871', '14', '5', '7', '0');
INSERT INTO `seat` VALUES ('872', '14', '5', '8', '0');
INSERT INTO `seat` VALUES ('873', '14', '6', '1', '0');
INSERT INTO `seat` VALUES ('874', '14', '6', '2', '0');
INSERT INTO `seat` VALUES ('875', '14', '6', '3', '0');
INSERT INTO `seat` VALUES ('876', '14', '6', '4', '0');
INSERT INTO `seat` VALUES ('877', '14', '6', '5', '0');
INSERT INTO `seat` VALUES ('878', '14', '6', '6', '0');
INSERT INTO `seat` VALUES ('879', '14', '6', '7', '0');
INSERT INTO `seat` VALUES ('880', '14', '6', '8', '0');
INSERT INTO `seat` VALUES ('881', '14', '7', '1', '0');
INSERT INTO `seat` VALUES ('882', '14', '7', '2', '0');
INSERT INTO `seat` VALUES ('883', '14', '7', '3', '0');
INSERT INTO `seat` VALUES ('884', '14', '7', '4', '0');
INSERT INTO `seat` VALUES ('885', '14', '7', '5', '0');
INSERT INTO `seat` VALUES ('886', '14', '7', '6', '0');
INSERT INTO `seat` VALUES ('887', '14', '7', '7', '0');
INSERT INTO `seat` VALUES ('888', '14', '7', '8', '0');
INSERT INTO `seat` VALUES ('889', '14', '8', '1', '0');
INSERT INTO `seat` VALUES ('890', '14', '8', '2', '0');
INSERT INTO `seat` VALUES ('891', '14', '8', '3', '0');
INSERT INTO `seat` VALUES ('892', '14', '8', '4', '0');
INSERT INTO `seat` VALUES ('893', '14', '8', '5', '0');
INSERT INTO `seat` VALUES ('894', '14', '8', '6', '0');
INSERT INTO `seat` VALUES ('895', '14', '8', '7', '0');
INSERT INTO `seat` VALUES ('896', '14', '8', '8', '0');
INSERT INTO `seat` VALUES ('897', '15', '1', '1', '0');
INSERT INTO `seat` VALUES ('898', '15', '1', '2', '0');
INSERT INTO `seat` VALUES ('899', '15', '1', '3', '0');
INSERT INTO `seat` VALUES ('900', '15', '1', '4', '0');
INSERT INTO `seat` VALUES ('901', '15', '1', '5', '0');
INSERT INTO `seat` VALUES ('902', '15', '1', '6', '0');
INSERT INTO `seat` VALUES ('903', '15', '1', '7', '0');
INSERT INTO `seat` VALUES ('904', '15', '1', '8', '0');
INSERT INTO `seat` VALUES ('905', '15', '2', '1', '0');
INSERT INTO `seat` VALUES ('906', '15', '2', '2', '0');
INSERT INTO `seat` VALUES ('907', '15', '2', '3', '0');
INSERT INTO `seat` VALUES ('908', '15', '2', '4', '0');
INSERT INTO `seat` VALUES ('909', '15', '2', '5', '0');
INSERT INTO `seat` VALUES ('910', '15', '2', '6', '0');
INSERT INTO `seat` VALUES ('911', '15', '2', '7', '0');
INSERT INTO `seat` VALUES ('912', '15', '2', '8', '0');
INSERT INTO `seat` VALUES ('913', '15', '3', '1', '0');
INSERT INTO `seat` VALUES ('914', '15', '3', '2', '0');
INSERT INTO `seat` VALUES ('915', '15', '3', '3', '0');
INSERT INTO `seat` VALUES ('916', '15', '3', '4', '0');
INSERT INTO `seat` VALUES ('917', '15', '3', '5', '0');
INSERT INTO `seat` VALUES ('918', '15', '3', '6', '0');
INSERT INTO `seat` VALUES ('919', '15', '3', '7', '0');
INSERT INTO `seat` VALUES ('920', '15', '3', '8', '0');
INSERT INTO `seat` VALUES ('921', '15', '4', '1', '0');
INSERT INTO `seat` VALUES ('922', '15', '4', '2', '0');
INSERT INTO `seat` VALUES ('923', '15', '4', '3', '0');
INSERT INTO `seat` VALUES ('924', '15', '4', '4', '0');
INSERT INTO `seat` VALUES ('925', '15', '4', '5', '0');
INSERT INTO `seat` VALUES ('926', '15', '4', '6', '0');
INSERT INTO `seat` VALUES ('927', '15', '4', '7', '0');
INSERT INTO `seat` VALUES ('928', '15', '4', '8', '0');
INSERT INTO `seat` VALUES ('929', '15', '5', '1', '0');
INSERT INTO `seat` VALUES ('930', '15', '5', '2', '0');
INSERT INTO `seat` VALUES ('931', '15', '5', '3', '0');
INSERT INTO `seat` VALUES ('932', '15', '5', '4', '0');
INSERT INTO `seat` VALUES ('933', '15', '5', '5', '0');
INSERT INTO `seat` VALUES ('934', '15', '5', '6', '0');
INSERT INTO `seat` VALUES ('935', '15', '5', '7', '0');
INSERT INTO `seat` VALUES ('936', '15', '5', '8', '0');
INSERT INTO `seat` VALUES ('937', '15', '6', '1', '0');
INSERT INTO `seat` VALUES ('938', '15', '6', '2', '0');
INSERT INTO `seat` VALUES ('939', '15', '6', '3', '0');
INSERT INTO `seat` VALUES ('940', '15', '6', '4', '0');
INSERT INTO `seat` VALUES ('941', '15', '6', '5', '0');
INSERT INTO `seat` VALUES ('942', '15', '6', '6', '0');
INSERT INTO `seat` VALUES ('943', '15', '6', '7', '0');
INSERT INTO `seat` VALUES ('944', '15', '6', '8', '0');
INSERT INTO `seat` VALUES ('945', '15', '7', '1', '0');
INSERT INTO `seat` VALUES ('946', '15', '7', '2', '0');
INSERT INTO `seat` VALUES ('947', '15', '7', '3', '0');
INSERT INTO `seat` VALUES ('948', '15', '7', '4', '0');
INSERT INTO `seat` VALUES ('949', '15', '7', '5', '0');
INSERT INTO `seat` VALUES ('950', '15', '7', '6', '0');
INSERT INTO `seat` VALUES ('951', '15', '7', '7', '0');
INSERT INTO `seat` VALUES ('952', '15', '7', '8', '0');
INSERT INTO `seat` VALUES ('953', '15', '8', '1', '0');
INSERT INTO `seat` VALUES ('954', '15', '8', '2', '0');
INSERT INTO `seat` VALUES ('955', '15', '8', '3', '0');
INSERT INTO `seat` VALUES ('956', '15', '8', '4', '0');
INSERT INTO `seat` VALUES ('957', '15', '8', '5', '0');
INSERT INTO `seat` VALUES ('958', '15', '8', '6', '0');
INSERT INTO `seat` VALUES ('959', '15', '8', '7', '0');
INSERT INTO `seat` VALUES ('960', '15', '8', '8', '0');

-- ----------------------------
-- Table structure for show
-- ----------------------------
DROP TABLE IF EXISTS `show`;
CREATE TABLE `show` (
  `id` int(11) NOT NULL,
  `theater_name` varchar(255) DEFAULT NULL,
  `time` varchar(255) DEFAULT NULL,
  `price` int(11) DEFAULT NULL,
  `movie_id` int(11) DEFAULT NULL,
  `seat_map` varchar(255) DEFAULT NULL,
  `sold_seat` varchar(255) DEFAULT NULL,
  PRIMARY KEY (`id`)
) ENGINE=InnoDB DEFAULT CHARSET=latin1;

-- ----------------------------
-- Records of show
-- ----------------------------
INSERT INTO `show` VALUES ('1', 'ABC', '10:30', '130', '1', 'aaaaaaaa\r\naaaaaaaa\r\n________\r\naaa__aaa\r\naaa__aaa\r\naaa__aaa\r\naaa__aaa\r\naaaaaaaa', null);
INSERT INTO `show` VALUES ('2', 'ABC', '14:30', '100', '1', 'aaaaaaaa\r\naaaaaaaa\r\n________\r\naaa__aaa\r\naaa__aaa\r\naaa__aaa\r\naaa__aaa\r\naaaaaaaa', null);
INSERT INTO `show` VALUES ('3', 'UKnow', '10:00', '20', '1', 'aaaaaaaa\r\naaaaaaaa\r\naaaaaaaa\r\naaaaaaaa\r\naaaaaaaa\r\naaaaaaaa\r\naaaaaaaa\r\naaaaaaaa', null);
INSERT INTO `show` VALUES ('4', 'UKnow', '14:00', '15', '2', 'aaaaaaaa\r\naaaaaaaa\r\naaaaaaaa\r\naaaaaaaa\r\naaaaaaaa\r\naaaaaaaa\r\naaaaaaaa\r\naaaaaaaa', null);
INSERT INTO `show` VALUES ('5', 'UKnow', '20:00', '30', '3', 'aaaaaaaa\r\naaaaaaaa\r\naaaaaaaa\r\naaaaaaaa\r\naaaaaaaa\r\naaaaaaaa\r\naaaaaaaa\r\naaaaaaaa', null);
INSERT INTO `show` VALUES ('6', 'UKnow', '22:00', '20', '4', 'aaaaaaaa\r\naaaaaaaa\r\naaaaaaaa\r\naaaaaaaa\r\naaaaaaaa\r\naaaaaaaa\r\naaaaaaaa\r\naaaaaaaa', null);
INSERT INTO `show` VALUES ('7', 'EyeBrand', '10:20', '70', '2', 'aaa__aaa\r\naaa__aaa\r\naaa__aaa\r\naaa__aaa\r\naaa__aaa\r\naaa__aaa\r\naaa__aaa\r\naaa__aaa', null);
INSERT INTO `show` VALUES ('8', 'EyeBrand', '15:00', '70', '5', 'aaa__aaa\r\naaa__aaa\r\naaa__aaa\r\naaa__aaa\r\naaa__aaa\r\naaa__aaa\r\naaa__aaa\r\naaa__aaa', null);
INSERT INTO `show` VALUES ('9', 'EyeBrand', '20:00', '70', '6', 'aaa__aaa\r\naaa__aaa\r\naaa__aaa\r\naaa__aaa\r\naaa__aaa\r\naaa__aaa\r\naaa__aaa\r\naaa__aaa', null);
INSERT INTO `show` VALUES ('10', 'BigFeel', '08:00', '35', '4', 'aaa__aaa\r\naaa__aaa\r\naaa__aaa\r\naaa__aaa\r\naaa__aaa\r\naaa__aaa\r\naaa__aaa\r\naa_aa_aa\r\naa_aa_aa\r\naa_aa_aa\r\naa_aa_aa\r\naa_aa_aa\r\naa_aa_aa\r\naa_aa_aa\r\naa_aa_aa', null);
INSERT INTO `show` VALUES ('11', 'BigFeel', '10:00', '42', '6', 'aa_aa_aa\r\naa_aa_aa\r\naa_aa_aa\r\naa_aa_aa\r\naa_aa_aa\r\naa_aa_aa\r\naa_aa_aa\r\naa_aa_aa', null);
INSERT INTO `show` VALUES ('12', 'BigFeel', '14:00', '30', '8', 'aa_aa_aa\r\naa_aa_aa\r\naa_aa_aa\r\naa_aa_aa\r\naa_aa_aa\r\naa_aa_aa\r\naa_aa_aa\r\naa_aa_aa', null);
INSERT INTO `show` VALUES ('13', 'BigFeel', '16:00', '20', '10', 'aa_aa_aa\r\naa_aa_aa\r\naa_aa_aa\r\naa_aa_aa\r\naa_aa_aa\r\naa_aa_aa\r\naa_aa_aa\r\naa_aa_aa', null);
INSERT INTO `show` VALUES ('14', 'Happy', '09:30', '50', '9', 'aaaaaaaa\r\n_aaaaaa_\r\n_aaaaaa_\r\n_aaaaaa_\r\n_aaaaaa_\r\naaaaaaaa\r\n_aaaaaa_\r\naaaaaaaa', null);
INSERT INTO `show` VALUES ('15', 'Happy', '19:30', '50', '7', 'aaaaaaaa\r\n_aaaaaa_\r\n_aaaaaa_\r\n_aaaaaa_\r\n_aaaaaa_\r\naaaaaaaa\r\n_aaaaaa_\r\naaaaaaaa', null);

-- ----------------------------
-- Table structure for tag
-- ----------------------------
DROP TABLE IF EXISTS `tag`;
CREATE TABLE `tag` (
  `id` int(11) NOT NULL,
  `name` varchar(255) DEFAULT NULL,
  PRIMARY KEY (`id`)
) ENGINE=InnoDB DEFAULT CHARSET=latin1;

-- ----------------------------
-- Records of tag
-- ----------------------------
INSERT INTO `tag` VALUES ('1', 'featured');
INSERT INTO `tag` VALUES ('2', 'top_viewed');
INSERT INTO `tag` VALUES ('3', 'top_rating');
INSERT INTO `tag` VALUES ('4', 'recently_added');

-- ----------------------------
-- Table structure for tag_movie
-- ----------------------------
DROP TABLE IF EXISTS `tag_movie`;
CREATE TABLE `tag_movie` (
  `tag_id` int(11) DEFAULT NULL,
  `movie_id` int(11) DEFAULT NULL
) ENGINE=InnoDB DEFAULT CHARSET=latin1;

-- ----------------------------
-- Records of tag_movie
-- ----------------------------
INSERT INTO `tag_movie` VALUES ('1', '10');
INSERT INTO `tag_movie` VALUES ('1', '2');
INSERT INTO `tag_movie` VALUES ('1', '3');
INSERT INTO `tag_movie` VALUES ('1', '4');
INSERT INTO `tag_movie` VALUES ('1', '5');
INSERT INTO `tag_movie` VALUES ('1', '6');
INSERT INTO `tag_movie` VALUES ('1', '7');
INSERT INTO `tag_movie` VALUES ('1', '8');
INSERT INTO `tag_movie` VALUES ('1', '9');
INSERT INTO `tag_movie` VALUES ('1', '1');
INSERT INTO `tag_movie` VALUES ('2', '2');
INSERT INTO `tag_movie` VALUES ('2', '4');
INSERT INTO `tag_movie` VALUES ('2', '6');
INSERT INTO `tag_movie` VALUES ('2', '8');
INSERT INTO `tag_movie` VALUES ('2', '10');
INSERT INTO `tag_movie` VALUES ('3', '1');
INSERT INTO `tag_movie` VALUES ('3', '3');
INSERT INTO `tag_movie` VALUES ('3', '5');
INSERT INTO `tag_movie` VALUES ('3', '7');
INSERT INTO `tag_movie` VALUES ('3', '9');
INSERT INTO `tag_movie` VALUES ('4', '6');
INSERT INTO `tag_movie` VALUES ('4', '7');
INSERT INTO `tag_movie` VALUES ('4', '8');
INSERT INTO `tag_movie` VALUES ('4', '9');
INSERT INTO `tag_movie` VALUES (null, '10');

-- ----------------------------
-- Table structure for user
-- ----------------------------
DROP TABLE IF EXISTS `user`;
CREATE TABLE `user` (
  `id` bigint(20) DEFAULT NULL,
  `email` varchar(255) DEFAULT NULL,
  `iconPath` varchar(255) DEFAULT NULL,
  `first_name` varchar(255) DEFAULT NULL,
  `last_name` varchar(255) DEFAULT NULL,
  `password` varchar(255) DEFAULT NULL
) ENGINE=InnoDB DEFAULT CHARSET=latin1;

-- ----------------------------
-- Records of user
-- ----------------------------
SET FOREIGN_KEY_CHECKS=1;
